5749,John,Mecatronica
8579,William,Civil
3407,James,Ambiental
4391,Charles,DS
8626,George,CS
7304,Frank,Energia
946,Joseph,CS
9024,Thomas,Industrial
5831,Henry,Industrial
8825,Robert,Administracion
9200,Edward,Industrial
6305,Harry,Ambiental
1973,Walter,DS
229,Arthur,Administracion
3728,Fred,Quimica
2646,Albert,Mecanica
4594,Samuel,Quimica
4435,David,Energia
8614,Louis,CS
5133,Joe,Electronica
7454,Charlie,Quimica
9595,Clarence,Administracion
4335,Richard,Quimica
3200,Andrew,Mecanica
367,Daniel,Industrial
3027,Ernest,Bioingenieria
518,Will,Bioingenieria
5927,Jesse,Energia
5117,Oscar,Civil
7196,Lewis,Administracion
304,Peter,Mecatronica
8696,Benjamin,Quimica
3429,Frederick,Civil
6223,Willie,Bioingenieria
1486,Alfred,Electronica
2821,Sam,Bioingenieria
8442,Roy,DS
7004,Herbert,DS
7659,Jacob,DS
971,Tom,Electronica
5157,Elmer,DS
5293,Carl,CS
3929,Lee,Bioingenieria
8663,Howard,Bioingenieria
8772,Martin,DS
5306,Michael,Administracion
926,Bert,Ambiental
1032,Herman,Mecanica
8942,Jim,Mecanica
1352,Francis,Quimica
415,Harvey,Energia
9477,Earl,DS
8997,Eugene,DS
5720,Ralph,Mecatronica
5025,Ed,Bioingenieria
5646,Claude,Quimica
3841,Edwin,Mecanica
4290,Ben,Mecanica
9300,Charley,CS
632,Paul,Administracion
5937,Edgar,Administracion
9127,Isaac,Ambiental
681,Otto,Administracion
674,Luther,Civil
8551,Lawrence,Mecatronica
7874,Ira,Ambiental
3660,Patrick,DS
3896,Guy,Electronica
2827,Oliver,Mecatronica
7231,Theodore,Mecatronica
4280,Hugh,Civil
3269,Clyde,Mecanica
8984,Alexander,Mecatronica
6105,August,DS
4400,Floyd,Energia
7169,Homer,Civil
7752,Jack,Mecatronica
7099,Leonard,Mecanica
2809,Horace,Industrial
5018,Marion,Industrial
578,Philip,CS
6778,Allen,CS
5777,Archie,DS
6638,Stephen,CS
9680,Chester,Electronica
6896,Willis,Mecatronica
4134,Raymond,Electronica
2775,Rufus,Administracion
9057,Warren,Mecanica
5843,Jessie,DS
9458,Milton,DS
6929,Alex,CS
5781,Leo,Mecatronica
3773,Julius,DS
8967,Ray,Electronica
8849,Sidney,Mecanica
6309,Bernard,Industrial
9754,Dan,Energia
1480,Jerry,Bioingenieria
5678,Calvin,Ambiental
2585,Perry,Electronica
3418,Dave,Mecatronica
537,Anthony,Electronica
4649,Eddie,Administracion
8145,Amos,Administracion
2237,Dennis,Ambiental
85,Clifford,Administracion
730,Leroy,Civil
4995,Wesley,Mecanica
8426,Alonzo,Quimica
5243,Garfield,Mecatronica
5231,Franklin,Civil
3562,Emil,Ambiental
151,Leon,Quimica
4677,Nathan,Quimica
5494,Harold,Bioingenieria
9565,Matthew,Mecatronica
6668,Levi,DS
9468,Moses,Mecatronica
8572,Everett,Mecanica
2762,Lester,DS
6785,Winfield,Bioingenieria
420,Adam,Electronica
8985,Lloyd,Electronica
9645,Mack,Energia
9031,Fredrick,Mecanica
2703,Jay,CS
5780,Jess,DS
6381,Melvin,Mecanica
8560,Noah,Administracion
5797,Aaron,Ambiental
2005,Alvin,Bioingenieria
7357,Norman,Mecatronica
8563,Gilbert,Quimica
5224,Elijah,Quimica
7694,Victor,Quimica
4946,Gus,DS
9610,Nelson,Industrial
4493,Jasper,Administracion
6257,Silas,DS
8532,Christopher,Ambiental
9261,Jake,Industrial
393,Mike,Bioingenieria
6548,Percy,Industrial
5071,Adolph,DS
7025,Maurice,Mecatronica
7490,Cornelius,Electronica
1617,Felix,Mecatronica
1914,Reuben,Mecanica
711,Wallace,Ambiental
3834,Claud,CS
478,Roscoe,Mecatronica
321,Sylvester,Administracion
5175,Earnest,Ambiental
9568,Hiram,Industrial
8737,Otis,Bioingenieria
8206,Simon,Quimica
4619,Willard,Mecanica
9005,Irvin,Civil
8108,Mark,Energia
2969,Jose,Mecatronica
1733,Wilbur,Industrial
5148,Abraham,CS
2123,Virgil,Energia
514,Clinton,Administracion
3875,Elbert,Electronica
126,Leslie,Administracion
8771,Marshall,Ambiental
8844,Owen,Mecanica
5410,Wiley,Industrial
7347,Anton,Civil
932,Morris,Electronica
6864,Manuel,Mecanica
4654,Phillip,DS
9929,Augustus,Energia
5375,Emmett,Bioingenieria
6762,Eli,Electronica
9028,Nicholas,Quimica
4508,Wilson,Industrial
8758,Alva,Ambiental
425,Harley,Mecanica
7956,Newton,Quimica
2701,Timothy,Mecatronica
7333,Marvin,Industrial
4516,Ross,Quimica
8771,Curtis,Civil
2629,Edmund,DS
6190,Jeff,Mecanica
1074,Elias,Bioingenieria
541,Harrison,Ambiental
133,Stanley,Ambiental
8123,Columbus,Industrial
452,Lon,DS
9254,Ora,Quimica
195,Ollie,DS
9663,Russell,Quimica
180,Pearl,Mecanica
2728,Solomon,Quimica
4416,Arch,Energia
8506,Asa,Quimica
6228,Clayton,Industrial
858,Enoch,CS
5742,Irving,Civil
8615,Mathew,Bioingenieria
7151,Nathaniel,Civil
4751,Scott,CS
406,Hubert,DS
9170,Lemuel,Mecatronica
1805,Andy,Quimica
3899,Ellis,DS
6171,Emanuel,Mecatronica
1597,Joshua,Civil
9932,Millard,DS
3419,Vernon,Mecatronica
4637,Wade,Mecanica
5021,Cyrus,Mecanica
4385,Miles,Energia
4010,Rudolph,Electronica
2228,Sherman,Administracion
2021,Austin,Quimica
6885,Bill,Electronica
9264,Chas,Mecatronica
5828,Lonnie,Mecanica
9188,Monroe,DS
5584,Byron,Energia
5255,Edd,Ambiental
6049,Emery,Electronica
8901,Grant,Administracion
2574,Jerome,Quimica
3098,Max,Energia
7245,Mose,Ambiental
4357,Steve,Civil
7177,Gordon,Quimica
8615,Abe,Electronica
6783,Pete,Industrial
1486,Chris,Electronica
4562,Clark,Civil
7744,Gustave,Energia
4363,Orville,Mecatronica
6857,Lorenzo,Industrial
4141,Bruce,Industrial
1264,Marcus,Industrial
4189,Preston,Electronica
8637,Bob,Mecanica
7791,Dock,Administracion
4800,Donald,Mecanica
4796,Jackson,CS
7628,Cecil,CS
4050,Barney,Administracion
3602,Delbert,Bioingenieria
2070,Edmond,Energia
670,Anderson,Mecatronica
6888,Christian,Industrial
4229,Glenn,DS
2244,Jefferson,Industrial
3636,Luke,Electronica
6540,Neal,Administracion
7547,Burt,Mecatronica
7922,Ike,Industrial
3893,Myron,Mecanica
9119,Tony,Ambiental
370,Conrad,Electronica
323,Joel,Electronica
6786,Matt,Mecatronica
1075,Riley,Industrial
7467,Vincent,DS
2805,Emory,Electronica
3212,Isaiah,Civil
482,Nick,Industrial
1368,Ezra,Bioingenieria
1366,Green,Mecanica
7745,Juan,CS
2403,Clifton,Quimica
9534,Lucius,Electronica
8148,Porter,CS
7504,Arnold,Electronica
4004,Bud,DS
9471,Jeremiah,Energia
3898,Taylor,Mecatronica
7571,Forrest,Mecanica
636,Roland,Mecatronica
721,Spencer,Electronica
8883,Burton,Ambiental
6685,Don,Mecatronica
1260,Emmet,Quimica
5006,Gustav,DS
4860,Louie,Mecanica
5002,Morgan,Industrial
9496,Ned,Mecatronica
534,Van,Industrial
4096,Ambrose,Industrial
4270,Chauncey,Mecatronica
9229,Elisha,Quimica
2055,Ferdinand,DS
6105,General,Industrial
731,Julian,Energia
2010,Kenneth,Quimica
2414,Mitchell,Industrial
8907,Allie,Bioingenieria
5104,Josh,CS
7187,Judson,DS
9298,Lyman,Bioingenieria
6281,Napoleon,Mecanica
2792,Pedro,Mecatronica
5126,Berry,DS
2911,Dewitt,Electronica
5342,Ervin,Mecanica
7045,Forest,DS
7065,Lynn,Bioingenieria
4936,Pink,Quimica
2873,Ruben,Administracion
7344,Sanford,Electronica
3512,Ward,CS
1977,Douglas,CS
2672,Ole,Ambiental
5252,Omer,Ambiental
7635,Ulysses,Bioingenieria
7311,Walker,Electronica
836,Wilbert,Industrial
8478,Adelbert,Industrial
7084,Benjiman,Electronica
2035,Ivan,DS
3298,Jonas,Electronica
7114,Major,Electronica
5353,Abner,Bioingenieria
8761,Archibald,Administracion
3453,Caleb,Administracion
4732,Clint,Ambiental
154,Dudley,DS
5399,Granville,Administracion
2789,King,Civil
9410,Mary,CS
270,Merton,Mecanica
6281,Antonio,Administracion
5873,Bennie,DS
5880,Carroll,DS
57,Freeman,Energia
7358,Josiah,Mecanica
4032,Milo,Civil
6823,Royal,Electronica
5831,Dick,Mecanica
1910,Earle,Energia
5061,Elza,CS
623,Emerson,DS
3813,Fletcher,Mecanica
8643,Judge,CS
9016,Laurence,Civil
3126,Neil,Bioingenieria
3823,Roger,DS
987,Seth,Quimica
5526,Glen,Industrial
6770,Hugo,Bioingenieria
6817,Jimmie,Administracion
1377,Johnnie,Industrial
1378,Washington,Administracion
26,Elwood,Bioingenieria
6754,Gust,Bioingenieria
7262,Harmon,DS
7348,Jordan,Electronica
7391,Simeon,Ambiental
1745,Wayne,DS
729,Wilber,Energia
9309,Clem,Energia
1976,Evan,Quimica
4385,Frederic,Mecatronica
4470,Irwin,Quimica
5205,Junius,Civil
2115,Lafayette,CS
3204,Loren,Administracion
7308,Madison,Mecanica
7976,Mason,Mecanica
6374,Orval,Ambiental
6281,Abram,Energia
7283,Aubrey,Energia
1202,Elliott,Bioingenieria
5952,Hans,Mecatronica
9544,Karl,Electronica
9243,Minor,Administracion
1528,Wash,Industrial
1638,Wilfred,Energia
4419,Allan,Energia
6143,Alphonse,Ambiental
3492,Dallas,Mecatronica
6785,Dee,Industrial
6409,Isiah,CS
9485,Jason,Civil
1370,Johnny,Industrial
2622,Lawson,Mecanica
5267,Lew,Mecanica
8576,Micheal,Bioingenieria
9587,Orin,Civil
4916,Addison,Energia
3634,Cal,Ambiental
8542,Erastus,Civil
8164,Francisco,Mecatronica
823,Hardy,CS
5066,Lucien,DS
7632,Randolph,Quimica
6947,Stewart,Industrial
4789,Vern,Mecanica
8909,Wilmer,Quimica
9341,Zack,Bioingenieria
9734,Adrian,CS
6354,Alvah,Quimica
2800,Bertram,Electronica
4702,Clay,Bioingenieria
5352,Ephraim,Bioingenieria
732,Fritz,CS
652,Giles,Quimica
6210,Grover,DS
1727,Harris,Industrial
5223,Isom,Ambiental
5752,Jesus,Bioingenieria
3495,Johnie,Electronica
4451,Jonathan,Ambiental
1346,Lucian,Industrial
2760,Malcolm,Civil
5834,Merritt,Administracion
9472,Otho,DS
3336,Perley,Mecanica
7037,Rolla,Energia
5914,Sandy,Electronica
5205,Tomas,Ambiental
4211,Wilford,Quimica
2021,Adolphus,DS
8760,Angus,Administracion
3947,Arther,CS
1601,Carlos,Mecatronica
2777,Cary,Mecatronica
9202,Cassius,Industrial
2625,Davis,Electronica
9415,Hamilton,Civil
8228,Harve,Electronica
7861,Israel,Industrial
1240,Leander,Ambiental
7878,Melville,Mecatronica
293,Merle,Industrial
6439,Murray,Civil
3296,Pleasant,Ambiental
2423,Sterling,Mecatronica
2714,Steven,Administracion
7502,Axel,Civil
5565,Boyd,Mecanica
6997,Bryant,DS
8836,Clement,Industrial
4810,Erwin,Electronica
7128,Ezekiel,Industrial
7794,Foster,Energia
9135,Frances,Quimica
8017,Geo,Administracion
5213,Houston,Quimica
9059,Issac,Ambiental
2735,Jules,Quimica
9875,Larkin,Administracion
7,Mat,Electronica
4857,Morton,Ambiental
9116,Orlando,Electronica
7975,Pierce,Civil
9300,Prince,CS
4688,Rollie,Industrial
3607,Rollin,CS
6633,Sim,Administracion
7793,Stuart,Administracion
5000,Wilburn,Administracion
9346,Bennett,Electronica
1960,Casper,Energia
4828,Christ,DS
6038,Dell,Civil
1901,Egbert,Mecatronica
7946,Elmo,Energia
4789,Fay,Mecanica
7429,Gabriel,Energia
2085,Hector,Ambiental
2640,Horatio,CS
440,Lige,DS
1333,Saul,Ambiental
273,Smith,Quimica
860,Squire,Electronica
2330,Tobe,Energia
7701,Tommie,Electronica
9909,Wyatt,Energia
9785,Alford,Mecanica
7984,Alma,Energia
898,Alton,Mecatronica
5178,Andres,Industrial
8991,Burl,Industrial
3511,Cicero,Mecanica
8819,Dean,Ambiental
9660,Dorsey,Ambiental
7251,Enos,Administracion
1208,Howell,Industrial
7226,Lou,Bioingenieria
7540,Loyd,Civil
3697,Mahlon,Electronica
3050,Nat,CS
3986,Omar,Electronica
411,Oran,DS
3886,Parker,Bioingenieria
6096,Raleigh,Energia
6201,Reginald,Industrial
6073,Rubin,Mecanica
6508,Seymour,Ambiental
179,Wm,Quimica
3399,Young,Mecatronica
4813,Benjamine,Energia
6795,Carey,Electronica
8664,Carlton,Mecatronica
8722,Eldridge,Mecatronica
8965,Elzie,Administracion
728,Garrett,Ambiental
7855,Isham,Mecatronica
8779,Johnson,Mecatronica
188,Larry,Quimica
6835,Logan,CS
4573,Merrill,Administracion
7463,Mont,Energia
7919,Oren,CS
3650,Pierre,Mecatronica
5007,Rex,Mecatronica
2795,Rodney,Civil
8076,Ted,Industrial
3271,Webster,Mecatronica
4896,West,DS
7935,Wheeler,Quimica
5237,Willam,Mecanica
7425,Al,Civil
632,Aloysius,Electronica
9934,Alvie,CS
3850,Anna,CS
2999,Art,Mecatronica
3369,Augustine,Civil
5155,Bailey,Administracion
979,Benjaman,Quimica
4328,Beverly,Civil
4350,Bishop,DS
7847,Clair,CS
667,Cloyd,DS
6485,Coleman,Quimica
7090,Dana,Bioingenieria
6136,Duncan,Energia
932,Dwight,CS
6815,Emile,Ambiental
4079,Evert,Mecanica
9710,Henderson,Bioingenieria
5494,Hunter,Quimica
4975,Jean,Civil
6222,Lem,Mecanica
1105,Luis,Bioingenieria
4306,Mathias,Administracion
1002,Maynard,Mecatronica
1276,Miguel,Industrial
7857,Mortimer,Energia
5285,Nels,Bioingenieria
7523,Norris,Mecanica
4744,Pat,Ambiental
3678,Phil,Quimica
1923,Rush,Energia
8957,Santiago,Mecatronica
5736,Sol,Energia
829,Sydney,Mecatronica
9087,Thaddeus,CS
1120,Thornton,Ambiental
232,Tim,Administracion
8890,Travis,DS
1009,Truman,DS
9854,Watson,Bioingenieria
4297,Webb,Administracion
2221,Wellington,Electronica
578,Winfred,Mecatronica
6619,Wylie,Quimica
8522,Alec,Mecatronica
2318,Basil,Bioingenieria
8394,Baxter,DS
3424,Bertrand,CS
5259,Buford,Bioingenieria
5676,Burr,CS
3444,Cleveland,DS
1039,Colonel,Electronica
9153,Dempsey,Mecanica
4769,Early,Mecatronica
1188,Ellsworth,CS
3921,Fate,Civil
1686,Finley,Electronica
2234,Gabe,Ambiental
8466,Garland,Electronica
5708,Gerald,Mecatronica
3439,Herschel,Mecanica
8829,Hezekiah,Mecanica
2996,Justus,Ambiental
8629,Lindsey,CS
1031,Marcellus,Quimica
6658,Olaf,Mecatronica
2480,Olin,Mecanica
6359,Pablo,DS
2627,Rolland,DS
9937,Turner,Quimica
2322,Verne,Energia
6572,Volney,Ambiental
3406,Williams,Administracion
9720,Almon,CS
2556,Alois,Bioingenieria
4006,Alonza,Electronica
5272,Anson,Electronica
7190,Authur,Ambiental
7425,Benton,DS
4311,Billie,Energia
8298,Cornelious,Ambiental
9953,Darius,Ambiental
4217,Denis,Mecatronica
8969,Dillard,CS
6089,Doctor,Administracion
7166,Elvin,Bioingenieria
8281,Emma,CS
9480,Eric,Quimica
8056,Evans,Energia
3390,Gideon,Industrial
8740,Haywood,Administracion
8325,Hilliard,Mecanica
3787,Hosea,Energia
6566,Lincoln,Electronica
6766,Lonzo,Mecatronica
9669,Lucious,Administracion
6560,Lum,Quimica
6961,Malachi,Ambiental
8479,Newt,CS
8692,Noel,Mecatronica
1469,Orie,Mecatronica
3411,Palmer,Ambiental
407,Pinkney,Civil
505,Shirley,DS
7610,Sumner,Mecatronica
7867,Terry,Civil
5566,Urban,Civil
3595,Uriah,Mecanica
8949,Valentine,Mecanica
4438,Waldo,Mecatronica
4306,Warner,Electronica
9946,Wong,DS
6320,Zeb,Bioingenieria
3884,Abel,Administracion
5095,Alden,CS
6201,Archer,Quimica
5461,Avery,DS
2177,Carson,DS
4137,Cullen,DS
6374,Doc,Mecanica
1574,Eben,Quimica
2379,Elige,CS
1944,Elizabeth,Quimica
6267,Elmore,Administracion
9017,Ernst,Bioingenieria
5067,Finis,Mecanica
8359,Freddie,Bioingenieria
250,Godfrey,Electronica
8470,Guss,Industrial
6737,Hamp,Industrial
7365,Hermann,CS
4355,Isadore,Ambiental
7599,Isreal,Mecatronica
3182,Jones,Civil
2299,June,Ambiental
3852,Lacy,Ambiental
4557,Lafe,Quimica
4619,Leland,Energia
794,Llewellyn,Administracion
3834,Ludwig,Industrial
6780,Manford,Civil
5680,Maxwell,Mecatronica
2056,Minnie,CS
1262,Obie,Ambiental
6954,Octave,Electronica
1700,Orrin,Ambiental
7867,Ossie,Electronica
2207,Oswald,Industrial
7374,Park,DS
9722,Parley,DS
6348,Ramon,Bioingenieria
8268,Rice,Industrial
3701,Stonewall,Industrial
218,Theo,Administracion
1683,Tillman,Bioingenieria
1098,Addie,Civil
8927,Aron,Electronica
7559,Ashley,Industrial
7772,Bernhard,Administracion
848,Bertie,Administracion
7738,Berton,Quimica
2562,Buster,CS
5905,Butler,Industrial
6904,Carleton,Administracion
114,Carrie,Mecanica
9665,Clara,Electronica
8766,Clarance,Energia
5362,Clare,Industrial
6684,Crawford,Industrial
9948,Danial,Energia
1165,Dayton,Industrial
9116,Dolphus,CS
1165,Elder,Administracion
8999,Ephriam,DS
9501,Fayette,Energia
9345,Felipe,Mecatronica
7677,Fernando,DS
3324,Flem,DS
1456,Florence,Civil
7770,Ford,Civil
2253,Harlan,Mecatronica
2021,Hayes,Ambiental
6259,Henery,Electronica
6386,Hoy,Quimica
9347,Huston,CS
3064,Ida,Energia
1015,Ivory,Ambiental
1015,Jonah,Civil
4098,Justin,Mecatronica
5362,Lenard,DS
7777,Leopold,DS
9900,Lionel,Quimica
8707,Manley,Quimica
9208,Marquis,Mecanica
9135,Marshal,Civil
4681,Mart,Quimica
4247,Odie,CS
786,Olen,Mecanica
3143,Oral,Administracion
5318,Orley,Civil
7033,Otha,Ambiental
7687,Press,Energia
8404,Price,Quimica
1082,Quincy,Energia
5581,Randall,Mecanica
601,Rich,Ambiental
4434,Richmond,Bioingenieria
8385,Romeo,Industrial
4205,Russel,CS
4817,Rutherford,Administracion
259,Shade,DS
9937,Shelby,Bioingenieria
6291,Solon,DS
4140,Thurman,Industrial
9285,Tilden,DS
9971,Troy,Civil
7725,Woodson,DS
6693,Worth,Civil
8481,Aden,Mecanica
5959,Alcide,Administracion
3753,Alf,Electronica
1378,Algie,Electronica
5715,Arlie,DS
783,Bart,CS
7645,Bedford,Administracion
6288,Benito,Ambiental
1365,Billy,Bioingenieria
6288,Bird,DS
7865,Birt,DS
1404,Bruno,Energia
806,Burley,Mecatronica
1579,Chancy,Civil
7650,Claus,Quimica
4658,Cliff,DS
1075,Clovis,Administracion
3239,Connie,Bioingenieria
514,Creed,Electronica
8895,Delos,Administracion
4071,Duke,Civil
1986,Eber,Administracion
9832,Eligah,Energia
7307,Elliot,DS
5278,Elton,Ambiental
3358,Emmitt,Bioingenieria
1178,Gene,Industrial
7376,Golden,CS
2518,Hal,Administracion
9118,Hardin,Industrial
6373,Harman,Bioingenieria
5273,Hervey,DS
869,Hollis,Civil
146,Ivey,Electronica
1860,Jennie,Energia
5830,Len,Energia
8017,Lindsay,Ambiental
2919,Lonie,Administracion
1765,Lyle,Ambiental
8499,Mac,Energia
5959,Mal,CS
3294,Math,Electronica
4552,Miller,DS
2504,Orson,Mecanica
6929,Osborne,Bioingenieria
895,Percival,Civil
1306,Pleas,Electronica
1956,Ples,DS
5869,Rafael,Industrial
4933,Raoul,Bioingenieria
8618,Roderick,Energia
921,Rose,Energia
4706,Shelton,Bioingenieria
7146,Sid,Mecanica
37,Theron,Mecatronica
3648,Tobias,Mecanica
9303,Toney,Civil
5828,Tyler,Electronica
8436,Vance,DS
3,Vivian,CS
3865,Walton,DS
8031,Watt,Quimica
1478,Weaver,Bioingenieria
6658,Wilton,Civil
6002,Adolf,Ambiental
2880,Albin,Industrial
9857,Albion,Quimica
4066,Allison,Energia
1945,Alpha,Energia
7092,Alpheus,Bioingenieria
9128,Anastacio,Energia
9711,Andre,Industrial
8598,Annie,Industrial
5486,Arlington,CS
1884,Armand,Civil
236,Asberry,Civil
5063,Asbury,Electronica
8043,Asher,Civil
305,Augustin,Mecatronica
667,Auther,Quimica
4128,Author,Industrial
6008,Ballard,Administracion
3433,Blas,Mecatronica
685,Caesar,Mecanica
1823,Candido,Administracion
6619,Cato,Mecatronica
1971,Clarke,Quimica
7423,Clemente,Electronica
4693,Colin,Mecanica
4962,Commodore,Civil
2348,Cora,Civil
2555,Coy,Administracion
4514,Cruz,Mecatronica
7234,Curt,Energia
3440,Damon,Civil
1363,Davie,CS
5387,Delmar,Ambiental
5187,Dexter,Mecanica
2850,Dora,Civil
7074,Doss,Bioingenieria
8487,Drew,Industrial
614,Edson,Civil
2270,Elam,Mecanica
2133,Elihu,Energia
4673,Eliza,CS
9198,Elsie,DS
6046,Erie,DS
4842,Ernie,Industrial
8373,Ethel,Ambiental
4649,Ferd,Quimica
5413,Friend,DS
558,Garry,Industrial
2895,Gary,Bioingenieria
4445,Grace,Bioingenieria
4313,Gustaf,Civil
2246,Hallie,Energia
6523,Hampton,CS
1149,Harrie,Industrial
5294,Hattie,Civil
4253,Hence,Quimica
3146,Hillard,Bioingenieria
6480,Hollie,Energia
6889,Holmes,DS
6984,Hope,DS
7180,Hyman,Administracion
7777,Ishmael,Civil
3651,Jarrett,Administracion
971,Jessee,Mecatronica
2177,Joeseph,Civil
2316,Junious,DS
1387,Kirk,Energia
1210,Levy,Mecanica
449,Mervin,Energia
9465,Michel,Mecanica
7166,Milford,DS
8471,Mitchel,DS
8756,Nellie,Industrial
7900,Noble,CS
2636,Obed,Quimica
3677,Oda,Quimica
8433,Orren,CS
8108,Ottis,Administracion
7478,Rafe,Ambiental
2912,Redden,Quimica
6093,Reese,Mecanica
391,Rube,DS
8632,Ruby,Mecanica
9622,Rupert,CS
1035,Salomon,Mecatronica
8784,Sammie,Energia
3469,Sanders,Bioingenieria
9464,Soloman,Ambiental
179,Stacy,Energia
5125,Stanford,Bioingenieria
4187,Stanton,Energia
3398,Thad,Energia
3570,Titus,Mecatronica
1562,Tracy,Mecanica
6176,Vernie,CS
1167,Wendell,Bioingenieria
2142,Wilhelm,Ambiental
4050,Willian,Energia
3212,Yee,Bioingenieria
8967,Zeke,Industrial
4041,Ab,Mecanica
5717,Abbott,Bioingenieria
797,Agustus,Civil
6657,Albertus,Energia
8019,Almer,Mecanica
3315,Alphonso,Electronica
5522,Alvia,DS
312,Artie,Ambiental
2715,Arvid,Energia
4321,Ashby,Bioingenieria
8020,Augusta,Administracion
1435,Aurthur,Mecatronica
1821,Babe,Mecanica
1627,Baldwin,Industrial
5813,Barnett,Energia
2042,Bartholomew,Ambiental
6537,Barton,Industrial
2967,Bernie,Bioingenieria
1936,Blaine,Mecanica
6693,Boston,Administracion
1868,Brad,Mecatronica
1834,Bradford,Industrial
5512,Bradley,Bioingenieria
5020,Brooks,Bioingenieria
1295,Buck,CS
519,Budd,DS
6418,Ceylon,DS
4311,Chalmers,Ambiental
5437,Chesley,Administracion
2431,Chin,Electronica
5715,Cleo,DS
8578,Crockett,Ambiental
2418,Cyril,Ambiental
4715,Daisy,Administracion
4893,Denver,Industrial
3132,Dow,Electronica
3809,Duff,Mecatronica
4107,Edie,Industrial
7269,Edith,DS
9884,Elick,Industrial
1953,Elie,DS
1644,Eliga,CS
2373,Eliseo,DS
2316,Elroy,Ambiental
9688,Ely,Administracion
2303,Ennis,Administracion
4340,Enrique,Mecanica
4726,Erasmus,Civil
4173,Esau,Energia
9662,Everette,Bioingenieria
9206,Firman,Mecanica
2103,Fleming,Civil
8278,Flora,Electronica
2330,Gardner,Quimica
303,Gee,Civil
5183,Gorge,Mecatronica
8465,Gottlieb,Bioingenieria
4471,Gregorio,Electronica
6389,Gregory,Administracion
9577,Gustavus,Energia
8291,Halsey,CS
3991,Handy,Civil
8581,Hardie,Bioingenieria
1530,Harl,Ambiental
9669,Hayden,Mecatronica
1097,Hays,Mecatronica
1039,Hermon,Mecatronica
4300,Hershel,Quimica
985,Holly,Energia
537,Hosteen,Administracion
8992,Hoyt,Energia
4437,Hudson,Mecanica
6198,Huey,Civil
791,Humphrey,CS
2338,Hunt,Civil
3988,Hyrum,Energia
2505,Irven,Industrial
8387,Isam,Mecatronica
3872,Ivy,Mecatronica
8574,Jabez,Civil
8610,Jewel,Ambiental
5033,Jodie,Bioingenieria
5528,Judd,Mecanica
6550,Julious,Energia
236,Justice,Mecatronica
4405,Katherine,Mecatronica
4995,Kelly,Ambiental
3055,Kit,DS
2296,Knute,Mecatronica
5047,Lavern,Bioingenieria
8920,Lawyer,Mecanica
9924,Layton,DS
